SNO,NAME OF DAM,District,Taluk,Block,Nearest city/town,Longitude of dam,Latitude of dam ,Year of Completion,River,Tributary,Basin,Sub Basin,Seismic zone,Type of Dam,Catchment Area (Sq.Km),Length of dam (m),Height above lowest foundation (m),Gross storage capacity  (10 3m3),Classification of Dams as per BIS,Volume content of dam (10 3m3),Water Spread area at  FRL (Sq.Km),"Effective storage capacity 
(103 m 3 )",MWL (m),FRL (m),Designed spillway capacity (m3  /sec),Spillway Type,Purpose,Command Area (Acres),Hydro Electric Power (MW),Latitude,Longitude
1,Periyar (Mullai Periyar) ,Idukki,Peermedu,Azhutha,Kumily,"09°31'44""","77°08'40""",1895,Mullai Periyar,NA,Periyar,NA,III,PG,602.95,365.85,52.12,443500.8,Large,221,26.44,299310.69,873.2,872.285,3454,"Vertical Lift Shutters 10 Nos.
Radial shutters 
3 Nos.",I/H,212758,"3x42
1x35",9.528888889,77.14444444
2,Pechipparai,Kanyakumari,NA,Thiruvattar,Kuzhithurai,"08°27'04""","77°18'30""",1906,Kodaiyar,NA,Kodayar,NA,III,PG,207.19,425.5,47.54,150162.1,Large,123,NA,123107.8,92.05,92.05,1104,NA,I,38850.24 Combined,,8.451111111,77.30833333
3,Willingdon,Villupuram,Titakudi,Mangalore,Thittagudi,"11°25'33""","79°06'16""",1923,Periyar odai,Vellar river / Willington feeder canal,Vellar River Basin,Periya Odai,II,TE/PG,129.5,4300,17.22,73400,Large,3879,15.54,60010,75.7,72.54,384,Controlled Spillway,I,27675,NA,11.42583333,79.10444444
4,Glenmorgan,Nilgiris,Ooty,Ooty,Ooty,"11°30'11""","76°35'27""",1930,Glenmorgan stream,NA,Pykara,NA,II,PG,2.59,80,16,740,Large,7.12,0.166,NA,NA,2036.5,46,Uncontrolled,H,NA,Diversion Dam,11.50305556,76.59083333
5,Mettur,Salem,Mettur,NA,Salem,"11°48'11""","77°48'24""",1934,Cauvery,NA,Upper  Cauvery,NA,II,PG,42217,1615.4,65.23,2707128,Large,1546,78.76,2645201,242.62,240.79,12904.8,Controlled spillway,I/H/S,1650000,240,11.80305556,77.80666667
6,Pykara,Nilgiris,Ooty,Ooty,Ooty,"11°27'44.5""","76°36'12""",1935,Pykara,NA,Pykara,NA,II,PG,NA,193,56,56630,Large,NA,NA,55080,NA,2072.9,877,controlled,H,NA,2,11.46236111,76.60333333
7,Mukurthi,Nilgiris,Ooty,Ooty,Ooty,"11°24'36""","76°33'50""",1938,Mukurthi,NA,Pykara,NA,II,PG,25.25,162,34,50980,Large,34.63,NA,50710,2098.7,2098.7,425,controlled,H,NA,0.7,11.41,76.56388889
8,Thambaraparani,Thirunelveli,Ambasamudaram,Ambasamudaram,Ambasamudaram,"08°39'04""","77°18'39""",1943,Thambaraparani,NA,Thamirabarani,NA,III,PG,149.03,227,66,155800,Large,1352,5.8,149430,NA,264.57,2549,controlled,H/I,NA,Diversion Dam,8.651111111,77.31083333
9,Papanasam Div weir,Thirunelveli,Ambasamudaram,Ambasamudaram,Ambasamudaram,"08°41'51""","77°21'26""",1944,Thambaraparani,NA,Thamirabarani,NA,II,PG,182.85,409,18,1387,Large,NA,0.62,790,NA,194.16,4249,Uncontrolled,H/I,NA,32,8.6975,77.35722222
10,Poondi,Tiruvallore,Thiruvallur,Thiruvallur,Chennai,"13°12'39""","79°52'18""",1944,Kosasthalaiyar,"Nagariyar, Nandiyar",Palar,Kosasthalaiyar,III,TE/PG,1968,8354.7,45.42,91437,Large,3980,32.63,91147,42.67,42.67,3385,Controlled Spillway,S,NA,NA,13.21083333,79.87166667
11,Maravakandy,Nilgiris,Ooty,Ooty,Ooty,"11°34'27""","76°39'15""",1947,Avarihalla,NA,Pykara,NA,II,TE/PG,20.72,415,22,822,Large,20,NA,NA,NA,914,312,Uncontrolled,H,NA,0.75,11.57416667,76.65416667
12,Moyar forebay,Nilgiris,Ooty,Ooty,Ooty,"11°36'21""","76°41'27.6""",1951,Moyar,NA,Pykara,NA,II,TE/PG,154.23,731,22,170,Large,NA,NA,NA,NA,902.5,130,Uncontrolled,H/S,NA,36,11.60583333,76.691
13,Perunchani,Kanyakumari,NA,Kanyakumari,Kuzhithurai,"08°21'51.3""","77°21'28""",1952,Paraliyar,NA,Kodayar,NA,III,PG,159.4,373.01,36.27,81787,Large,51,NA,81787,93.27,93.27,895,NA,I,38850.24 Combined,0.65,8.36425,77.35777778
14,Bhavanisagar,Erode,Sathyamangalam,BhavaniSagar,Mettupalayam,"11°28'15""","77°06'50""",1955,Bhavani,Bhavani,Cauvery,Bhavani,II,TE/PG,71.4,8797,62.18,929000,Large,4960,0.59,908000,386.38,386.38,4043,Controlled,I,6116.194656,16,11.47083333,77.11388889
15,Amaravathi,Tirupur,Udumalpet,Udumalpet,Udumalpet,"10°25'06""","77°15'48""",1958,Amaravathi,Amaravathi,Cauvery,Amaravathi,III,TE/PG,839.16,1093,50,114600,Large,1671,9.065,109360,358.14,358.14,4062,Ogee,I/H,54637.16544,4,10.41833333,77.26333333
16,Krishnagiri,Krishnagiri,Krishnagiri,Krishnagiri,Krishnagiri,"12°28'32""","78°11'08""",1957,Pennaiyar,"Pambar, Vaniyar, Naripalliyaru, Margandiyannadhi, Shoolagiri",Pennaiyar,Krishnagiri upto Pambar,II,TE/PG,5365.75,1002.79,28.05,47156,Intermediate,509,12.48,47156,484.63,483.11,4233.84,Controlled Spillway,I,9012,NA,12.47555556,78.18555556
17,Manimuthar,Tirunelveli,Ambasamudram,Ambasamudram,Ambasamudaram,"08°39'12""","77°24'50""",1958,Manimuthar,NA,Thamirabarani,NA,II,TE/PG,161.61,2927.6,45.73,155961.3,Large,4582,NA,155961.3,109.12,109.12,1699.2,NA,I,10363.67,NA,8.653333333,77.41388889
18,Periyar forebay,Theni,NA,NA,Theni,"09°38'48""","77°12'52""",1958,Vairavanar,NA,Periyar -Suriliyar,NA,III,PG,602.95,88,38,90.6,Large,27,NA,NA,NA,861.07,54,Uncontrolled,H,NA,140,9.646666667,77.21444444
19,Sathanur,Tiruvannamalai,Thandarampattu,Thandarampattu,Thiruvannamalai,"12°11'00""","78°51'02""",1957,Pennaiyar,"Chinnar 1, Chinnar 2, thumbalahalli, vaniyar, Pambar, Pambanaru, Varattar, Kallar, Koraiyaru, Thurinijalr",Pennaiyar,Pennaiyar,III,TE/PG,10825.78,786.38,44.81,228910,Large,363,20.1,19852,222.2,222.2,5660,Controlled Spillway,I/H/S,44972,7.5,12.18333333,78.85055556
20,Vaigai,Theni,"Periyakulam 
and Andipatti","Periyakulam 
and Andipatti",Andipatti,"10°03'13""","77°35'24""",1958,Vaigai,Vaigai,Vaigai,"Varatar, Nagalar",III,TE/PG,2252.33,3515,33.83,172476.28,Large,1574.74,24.2,169559.68,279.2,279.2,1783.32,Ogee,I/S/H,286152,6,10.05361111,77.59
21,Vidur,Villupuram,Thindivanam,Myllam,Dindivanam,"12°04'21""","79°35'10""",1959,Varahanadhi,"Varahanadhi, Tondiyar",Varahanadhi,Varahanadhi,III,TE/PG,1298,4511,22.55,17122,Intermediate,530,7.98,17122,37.8,37.795,1786.43,Controlled Spillway,I,3200,,12.0725,79.58611111
22,Avalanche,Nilgiris,Ooty,Ooty,Ooty,"11°19'12""","76°36'57""",1961,Avalanche stream,NA,Kundah,NA,III,PG,58.534 (inclu. Emerald),366,57,156200,Large,326,8.06,152800,1985.8,1985.8,705,controlled,H,NA,60,11.32,76.61583333
23,Emerald,Nilgiris,Ooty,Ooty,Ooty,"11°19'38""","76°37'16""",1961,Emerald,NA,Kundah,NA,III,PG,58.534,323,63,156200,Large,325,8.06,152800,NA,1985.8,NA,controlled ,H,NA,Diversion Dam,11.32722222,76.62111111
24,Kundahpallam,Nilgiris,Ooty,Ooty,Ooty,"11°16'59""","76°39'10""",1961,Kundah,NA,Kundah,NA,III,PG,113.96,152,32,1760,Large,45,NA,1560,1624.6,1624.6,1557,controlled,H,NA,175,11.28305556,76.65277778
25,Aliyar,Coimbatore,Pollachi,Annamalai,Pollachi,"10°28'59""","76°58'04""",1962,Aliyar,Aliyar,Bharathapuzha,Aliyar,III,TE/PG,196.83,3200.4,44.19,109420,Large,2940,6.5,106120,320.04,320.04,1161,Ogee,I,50744.78323,60,10.48305556,76.96777778
26,Sandynallah,Nilgiris,Ooty,Ooty,Ooty,"11°26'38""","76°39'08""",1963,Sandynallah stream,NA,Pykara,NA,II,PG/TE,44.035,107,36,26620,Large,NA,44.03,2310,NA,2145.5,312,controlled,H,NA,Diversion Dam,11.44388889,76.65222222
27,Bungihallahbund,Nilgiris,Ooty,Ooty,Ooty,"11°13'46""","76°31'25""",1965,Bhavani,NA,Kundah,NA,III,TE,33.57,280,24.38,NA,Large,224,NA,NA,NA,2276.88,NA,Uncontrolled,H,NA,Diversion Dam,11.22944444,76.52361111
28,Gomukhinadhi,Villupuram,Chinna salem,Chinna salem,Kallakurichi,"11°47'06""","78°49'25""",1965,Gomukhinadhi,"pottiyam, kalpadi, Moyambedu",Vellar River,Gomukhi,III,TE/PG,292.67,2095.72,24.08,15875,Large,620,3.6,14682,183.18,183.18,1472.23,Controlled Spillway,I,5002,NA,11.785,78.82361111
29,Pegumbahallah Forebay,Nilgiris,Mettupallayam,NA,Mettupalayam,"11°14'53""","76°40'54""",1965,Pegumbahallah ,NA,Kundah,NA,III,PG,41.44,181,55,1070,Large,121,0.063,1030,NA,869.36,457,controlled,H,NA,180,11.24805556,76.68166667
30,Sathaiyar,Madurai,Vadipatti,Vadipatti,Madurai,"10°06'44""","78°04'50""",1965,Sathaiyar,NA,Sathiyar,NA,II,TE/PG,9.17,409.63,14.93,1584.8,Small,225.5,9.35,1584.8,232.26,231.34,274.85,Ogee,I,606.71,NA,10.11222222,78.08055556
31,Thunakadavu,Palaghat,Chittur,Kollankode,Pollachi,"10°26'04""","76°46'55""",1965,Thunakadavu,Thunacadavu,Chalakudi,Chalakudi,III,TE,43.35,344.42,25.91,15770,Intermediate,244,4.32,9060,539.5,539.5,495.25,Ogee,I/H,NA,*30,10.43444444,76.78194444
32,Upper Bhavani,Nilgiris,Ooty,Ooty,Ooty,"11°15'36""","76°31'37""",1965,Bhavani,NA,Kundah,NA,III,PG,33.57,419,80,101200,Large,419,4.55,85200,NA,2276.88,467,controlled,H,NA,40,11.26,76.52694444
33,Upper Bhavani pumping weir,Nilgiris,Ooty,Ooty,Ooty,"11°13'20""","76°31'14""",1965,Bhavani,NA,Kundah,NA,III,PG,NA,12,19,650,Large,NA,NA,319.9,NA,2205.84,548,Uncontrolled,H,NA,Diversion Dam,11.22222222,76.52055556
34,Parson Valley,Nilgiris,Ooty,Ooty,Ooty,"11°23'41""","76°35'35""",1966,Parson's valley,NA,Kundah,NA,II,PG,14.5,146,43,19250,Large,54,1.67,17190,2209.83,2209.8,273,controlled,H/S,NA,30,11.39472222,76.59305556
35,Nirallapallam,Nilgiris,Mettupallayam,NA,Mettupallayam,"11°17'10""","76°45'22""",1966,N.pallam,NA,Kundah,NA,II,PG,53.87,60,18,NA,Large,NA,NA,NA,NA,890.02,519,Uncontrolled,H,NA,Diversion Dam,11.28611111,76.75611111
36,Porthimund,Nilgiris,Ooty,Ooty,Ooty,"11°22'36""","76°34'18""",1966,Porthimund stream,NA,Kundah,NA,II,PG,10.55,72,18,126,Large,2.75,2.84,123,NA,2220.5,106,controlled,H,NA,Diversion Dam,11.37666667,76.57166667
37,Western Catchment Weir-I,Nilgiris,Ooty,Ooty,Ooty,"11°16'53""","76°31'51""",1966,Arickyampuzha,NA,Kundah,NA,III,PG,3.14,72,18,126,Large,2.75,NA,123,NA,2389.66,106,Uncontrolled,H,NA,Diversion Dam,11.28138889,76.53083333
38,Western Catchment Weir-II,Nilgiris,Ooty,Ooty,Ooty,"11°19'10""","76°32'35""",1966,KIarampuzha,NA,Kundah,NA,II,PG,3.19,85,30,549,Large,18,NA,396,NA,2374.45,107,Uncontrolled,H,NA,Diversion Dam,11.31944444,76.54305556
39,Western Catchment Weir-III,Nilgiris,Ooty,Ooty,Ooty,"11°20'00""","76°33'06""",1966,KIarampuzha,NA,Kundah,NA,III,PG,5.33,92,26,60,Large,13,NA,NA,NA,2337.84,151,Uncontrolled,H,NA,Diversion Dam,11.33333333,76.55166667
40,East Varahapallam weir,Nilgiris,Ooty,Ooty,Ooty,"11°13'53""","76°34'07""",1967,E.V.Pallam,NA,Kundah,NA,III,PG,21.393,173,18,400,Large,20,0.76,NA,NA,2112.59,348,Uncontrolled,H,NA,Diversion Dam,11.23138889,76.56861111
41,Manjalar,Theni,Periya kulam,Devathana patti,Periakulam,"10°11'46""","77°38'02""",1968,Manjalar,NA,Vaigai,Manjalar,II,TE/PG,119.1,1045.84,28.28,13792.01,Intermediate,13480,1.969,13792.01,306.3,306.3,331.3,O' gee,I,2129,,10.19611111,77.63388889
42,Parambikulam,Palaghat,Chittur,Kollankode,Pollachi,"10°23'15""","76°46'09""",1967,Parambikulam,Parambikulam,Chalakudi,Parambikulam,III,TE/PG,230.5,897.33,73.15,504660,Large,69165,20.72,381030,556.26,556.26,1687.31,Ogee,I/H,NA,*30,10.3875,76.76916667
43,Pillur,Coimbatore,Mettupallayam,NA,Mettupalayam,"11°15'35""","76°48'22""",1967,Bhavani,NA,Kundah,NA,II,PG,1191.4,357,88,44400,Large,488,2.6,34970,NA,426.72,2830,controlled,H/S,NA,100,11.25972222,76.80611111
44,Thirumurthi,Tirupur,Udumalpet,Udumalpet,Udumalpet,"10°29'05""","77°09'52""",1967,Palar,Palar,Bharathapuzha,Palar,III,TE/PG,80.29,2679.79,34.14,54790,Intermediate,351,3.88,49390,407.52,407.52,447.65,Masonry,I,380386.9555,1.95,10.48472222,77.16444444
45,West Varahapallam weir,Nilgiris,Ooty,Ooty,Ooty,"11°13'57""","76°34'04""",1967,W.V.pallam,NA,Kundah,NA,III,PG,8.4,92,35,1360,Large,21,0.03,NA,NA,2206.17,187,Uncontrolled,H,NA,Diversion Dam,11.2325,76.56777778
46,Uppar(Erode),Tirupur,Dharapuram,Kundadam,Dharapuram,"10°46'53""","77°25'19""",1968,Uppar,Uppar,Cauvery,Palar,III,TE/PG,903.88,2398.17,19.82,16310,Intermediate,354,4.53,14920,276.14,276.14,708,Ogee,I,6060.102048,NA,10.78138889,77.42194444
47,ChittarI,Kanyakumari,Vilavancode,Melpuram,Kuzhithurai,"08°26'04""","77°15'15""",1970,Chittar,Chittar,Kodayar,Chittar,III,TE/PG,22.01,762,25.91,17271.49,Intermediate,NA,2.93,11125.06,81.99,81.99,399.32,Flat Crested,I,6000.00 Combined,NA,8.434444444,77.25416667
48,ChittarII,Kanyakumari,Vilavancode,Melpuram,Kuzhithurai,"08°26'10""","77°17'12""",1970,Chittar,Chittar,Kodayar,Chittar,III,TE/PG,26.16,1134,25.91,28577.34,Intermediate,783,4.15,16992.5,81.99,81.99,195.41,Ogee,I,NA,NA,8.436111111,77.28666667
49,Kuthiraiyar,Dindugul, Palani, Palani,Palani,"10°23'21""","77°22'31""",1990,Kuthiraiyar,Kuthiraiyar,Cauvery,Amaravathi,III,TE/PG,1670,840,33.38,7164,Intermediate,NA,4.12,7164,201.75,200.75,572.72,"Ogee(Breast
wall)",I,9004.46976,NA,10.38916667,77.37527778
50,Manimukthanadhi,Villupuram,Sankarapuram,Sankarapuram,Kallakurichi,"11°48'19""","78°59'18""",1970,Manimukthanadhi,"Mani,Muktha, Gomukhi, Papakal, Myura, thirumanimuthar",Vellar River,Manimuktha ,III,TE/PG,478.72,3618,21,20856,Intermediate,497,7.46,19901,128.33,128.32,926.06,Controlled Spillway,I,4252,NA,11.80527778,78.98833333
51,Peruvaripallam,Palaghat,Chittur,Kollankode,Pollachi,"10°26'51""","76°46'00""",1971,Peruvaripallam,Peruvaripallam,Chalakudi,Chalakudi,III,TE/PG,15.8,466,25,17560,Intermediate,362,2.9,11020,539.5,539.5,93.46,NA,I/H,NA,*30,10.4475,76.76666667
52,Upper Aliyar,Coimbatore,Pollachi,NA,Pollachi,"10°26'15""","77°00'48""",1971, Aliyar,NA, Aliyar,NA,III,PG,121.21,315,81,26570,Large,283,NA,25840,NA,769.63,1528,controlled,H,NA,60,10.4375,77.01333333
53,Kodayar-I,Kanyakumari,NA,NA,Kallidaikurichi,"08°31'19""","77°21'35""",1972,Kodayar,NA,Kodayar,NA,II,PG,29.12,166,88,98690,Large,163,8.3,98510,NA,1325.9,257,controlled,H,NA,60,8.521944444,77.35972222
54,Kodayar-II,Kanyakumari,NA,NA,Nagercoil,"08°31'29""","77°21'16""",1972,Kodayar,NA,Kodayar,NA,II,PG,29.01,152,61,888,Large,79,41.8,883,NA,350.52,787,controlled,H,NA,40,8.524722222,77.35444444
55,Sholayar,Coimbatore,Valparai,Valparai,Valparai,"10°17'53""","76°52'50""",1971,Sholayar,Sholayar,Chalakudi,NA,III,TE/PG,121.72,1244.19,105.16,152700,Large,2830,5.26,142900,1004.32,1002.79,1474.9,Ogee,I/H,NA,"2x35
1x25",10.29805556,76.88055556
56,Gatana,Tirunelveli,Ambasamudram,Kadayam,Alwarkurichi,"08°47'57""","77°18'38""",1974,Gatana,Gatana,Thamirabarani,Gadana,III,TE/PG,46.46,2645,32,12127.12,Intermediate,1817,0.797,12127.12,132.58,132.58,758.89,Controlled  ,I,3794.54,NA,8.799166667,77.31055556
57,Parappalar,Dindugul,Ottanchatram ,Ottanchatram ,Palani,"10°26'00""","77°41'02""",1974,Parappalar,Parappalar,Cauvery,Amaravathi,II,PG,72.88,81.08,41.14,5600,Small,18,1.14,5600,555.65,554.74,741.89,Ogee,I,2735.44128,NA,10.43333333,77.68388889
58,Ponnaniyar,Karur,Manapparai,Vayampatti,Trichy,"10°34'45""","78°15'35""",1974,Ponnaniyar,Ponnaniyar,Cauvery,Ponnaniyar,II,TE/PG,87.02,247,45.62,3396,Intermediate,NA,0.65,3396,250.4,250.24,199.1,Uncontrolled weir,I,2101,NA,10.57916667,78.25972222
59,Ramanadhi,Tirunelveli,Ambasamudram,Kadayam,Keelakadayam,"08°50'54""","77°19'07""",1976,Ramanadhi,Ramanadhi,Thambaraparani,Gadana,III,TE/PG,16.57,839,30.76,152,Intermediate,1338,0.31,152,193.2,193.2,164.64,Controlled,I,2000.6,NA,8.848333333,77.31861111
60,UpperNirarWeir,Coimbatore,Valparai,Valparai,Valparai,"10°17'55""","77°01'24""",1975,Nirar,Nirar,Periyar,NA,III,PG,75.11,132.59,27.52,990,Small,148,0.08,NA,1158.24,1158.24,1069.23,Ogee,I/H,NA,NA,10.29861111,77.02333333
61,Chinnakuttiyar,Kanyakumari,Ambasamudaram,Ambasamudaram,Ambasamudaram,"08°31'32""","77°20'21""",1976,C.Kutiyar,NA,Kodayar,NA,III,PG,2.59,277,39,2770,Large,70,NA,2620,1274.98,1274.06,65,Uncontrolled,H,NA,Diversion Dam,8.525555556,77.33916667
62,Kuttiyar,Kanyakumari ,Ambasamudaram,Ambasamudaram,Ambasamudaram,"08°31'48""","77°18'42""",1976,Kuttiyar,NA,Kodayar,NA,III,PG,1.55,93,25,230,Large,9.42,NA,190,NA,4220,38,Uncontrolled,H,NA,Diversion Dam,8.53,77.31166667
63,Pilavukkal Project Kovilar,Virudhunagar,Srivilliputtur,Watrap,Srivilliputhur,"09°39'49""","77°32'54""",1976, Kovilar,NA,Vaippar,Arjuna,III,TE/PG,25.64,660,18.02,3770,Small,3770,0.73,3430,212,212,223.3,Ogee,I,3452.515,NA,9.663611111,77.54833333
64,Pilavukkal Project Periyar,Virudhunagar,Srivilliputtur,Watrap,Srivilliputhur,"09°38'27""","77°31'36""",1976,Periyar,NA,Vaippar,Arjuna,III,TE/PG,37.25,884,18.9,5440,Small,5440,0.76,4910,204.5,204.5,286.56,Ogee,I,NA,NA,9.640833333,77.52666667
65,Pykara New Forebay,Nilgiris,Ooty,Ooty,Ooty,"11°27'53.4""","76°36'16""",1976,Pykara ,NA,Pykara ,NA,II,PG,12.43,236,45,5850,Large,78,NA,NA,NA,1972.1,1092,controlled,H,NA,209.2,11.46483333,76.60444444
66,Chinnar,Dharmapuri,Palacode,Palacode,Palacode,"12°28'45""","77°55'52""",1977,Chinnar,Chinnar ,Cauvery,Chinnar,II,TE/PG,613.82,365,21.67,14150,Intermediate,368,1.7,13980,672.5,672.5,770.3,Controlled Spillway,I,4500,NA,12.47916667,77.93111111
67,Karuppanadhi,Tirunelveli,Tenkasi,Kadayam,Kadayanallur,"09°08'11""","77°18'16""",1978,Karuppanadhi,Karuppandhi,Thambaraparani,Chiitar,II,TE/PG,29.34,890,38.64,185,Intermediate,131.531,0.39,185,253,253,216.8,Controlled,I,3850.57,NA,9.136388889,77.30444444
68,Ervangalar,Theni,Uthamapalayam,Chinnamanur,Chinnamanur,"09°38'58""","77°21'16""",1978,Ervangalar,NA,Periyar-Suriliyar,NA,III,PG,5.69,242,30,2400,Large,54,0.29,2090,1472,1472,106,controlled,H,NA,35,9.649444444,77.35444444
69,Gunderipallam,Erode,Gopichettipalayam,ThukkaNaickenPalayam,Erode,"11°33'43""","77°22'14""",1978,Gunderipallam,Gunderipallam,Cauvery,Bhavani,II,TE/PG,4183,927.09,17.7,7200,Intermediate,NA,78.76,7200,280.41,NA,299.63,Ogee,I,207003.9629,NA,11.56194444,77.37055556
70,Highwavys,Theni,Uthamapalayam,Chinnamanur,Chinnamanur,"09°38'54""","77°21'38""",1978,Highwavys stream,NA,Periyar-Suriliyar,NA,III,TE/PG,3.108,175,35,2440,Large,20,0.285,2400,1507.25,1505.75,66,Uncontrolled,H,NA,Diversion Dam,9.648333333,77.36055556
71,Manalar,Theni,Uthamapalayam,Chinnamanur,Chinnamanur,"09°38'17""","77°20'46""",1978,Manalar,NA,Periyar-Suriliyar,NA,III,PG,22.27,185,40,13580,Large,49,0.306,12250,1492,1492,327,controlled,H,NA,Diversion Dam,9.638055556,77.34611111
72,Palar Poranthalar,Dindugul,Palani,Palani,Palani,"10°22'25""","77°28'53""",1978,Palar Poranthalar,Palar Poranthalar,Cauvery,Amaravathi,III,TE/PG,259,2513.59,34.9,43130,Intermediate,1478,5.18,43130,339.85,339.85,1217.6,Ogee ,I,17225.61984,NA,10.37361111,77.48138889
73,Varadhamanadhi,Dindugul,Palani,Palani,Palani,"10°23'08""","77°32'53""",1978,Varadhamanadhi,Shanmughanadhi,Cauvery,Amaravathi,III,TE/PG,74.07,355.8,45.4,3130,Small,NA,0.39,3130,373.42,371.26,406.39,Uncontrolled weir,I,5888.48832,NA,10.38555556,77.54805556
74,Varattupallam,Erode,Anthiyur,Anthiyur,Bhavani,"11°23'41""","77°13'31""",1978,Varattupallam,Varattupallam,Cauvery,Bhavani,II,TE/PG,66.82,1966.5,17.05,3950,Small,NA,0.89,3910,316.2,315,284.33,"stepped
bywash,
flush
 escape
weir",I,3985.78752,NA,11.39472222,77.22527778
75,Vattamalaikarai Odai,Tirupur,Kangeyam,Vellankoil,Dharapuram,"10°54'34""","77°39'57""",1979,V.K. Odai,Amaravathi,Cauvery,Amaravathi,II,TE/PG,396,2040,23.1,7590,Small,638,2.06,6890,228.5,227.5,533.83,"High 
Coefficient  weir",I,6045.522912,NA,10.90944444,77.66583333
76,Vennirar,Theni,Uthamapalayam,Chinnamanur,Chinnamanur,"09°36'29""","77°18'03""",1978,Vennirar,NA,Periyar-Suriliyar,NA,III,PG,2.59,96,29,144,Large,17,NA,NA,NA,1473.75,77,Uncontrolled,H,NA,Diversion Dam,9.608055556,77.30083333
77,Marudhanadhi,Dindigul,Authoor,Authoor,Vathalagundu,"10°15'43""","77°41'40""",1979,Marudhanadhi,NA,Vaigai,Manjalar,II,TE/PG,53.35,823,26.685,5334.55,Intermediate,5340,0.725,5334.55,327.36,327.36,420,O' gee,I,2668,NA,10.26194444,77.69444444
78,LowerNirar,Coimbatore,Valparai,Valparai,Valparai,"10°16'24""","76°59'03""",1982,Nirar,Nirar,Periyar,NA,III,PG/TE,37.2,188.98,50.29,7730,Large,80,0.52,4930,1021.03,1021.03,1303,Ogee,I/H,NA,NA,10.27333333,76.98416667
79,Pambar,Krishnagiri,Uthangarai,Uthangarai,Uthangarai,"12°15'49""","78°34'03""",1983,Pambar,"Bargur, Kanar",Pennaiyar,Pambar to Thirukovilur,II,TE/PG,1736,652,22.5,7924,Small,122,2.43,7018,321.5,321,1513.39,Controlled Spillway,I,4001,NA,12.26361111,78.5675
80,Thumbalahalli,Dharmapuri,Palacode,Palacode,Palacode,"12°18'10""","78°09'19""",1983,Poolapatti,Poolapati,Pennaiyar,Kambainallur,II,TE/PG,232.5,1043.5,17.1,3680,Small,136,1.93,339,471.5,471.5,577.3,Controlled Spillway,I,2617,NA,12.30277778,78.15527778
81,Kadambarai,Coimbatore,Pollachi,NA,Pollachi,"10°23'35""","77°02'41""",1984,Kadambarai,NA,Aliyar,NA,III,TE/PG,22.79,808,67.5,30850,Large,1332,NA,24800,NA,1149,518,controlled,H,NA,400,10.39305556,77.04472222
82,Kesarigullihalla,Dharmapuri,Palacode,Palacode,Belahalli,"12°18'39""","77°56'44""",1985,K.gulihalla,Sanath kumara nadhi,Cauvery,Chinnar,II,TE/PG,52.75,1400,23.7,3795,Small,265,1.05,3566,585.7,585.7,464.09,Controlled Spillway,I,4000,NA,12.31083333,77.94555556
83,Vaniar,Dharmapuri,Papretipatti,Papretipatti,"Pappireddy
patti","11°54'07""","78°19'47""",1985,Vaniar,"Ponnaiyar, Vaniyar",Pennaiyar,Vaniar,II,TE/PG,107.76,1147,43,11829,Intermediate,1213,0.11,11829,471,471,655,Controlled Spillway,I,10402,NA,11.90194444,78.32972222
84,Nagavathi,Dharmapuri,Dharmapuri,Nalamballi,Dharmapuri,"12°03'35""","78°01'40""",1987,Nagavathi,Nagavathi,Cauvery,Palar,II,TE/PG,105.363,288,21,4650,Small,76,1.18,4387,356.5,354.5,579.41,Uncontrolled Spillway,I,1993,NA,12.05972222,78.02777778
85,Servalar,Thirunelveli,Ambasamudaram,Ambasamudaram,Ambasamudaram,"08°41'24""","77°18'17""",1986,Servalar,NA,Tamirabarani,NA,II,PG,106,465,57,35000,Large,227,1.51,30520,NA,264.57,1820,controlled,I/H,NA,20,8.69,77.30472222
86,Sulagirichinnar,Krishnagiri,Hosur,Shoolagiri,Sulagiri,"12°40'17""","78°02'33""",1985,Sulagiri chinnar,Chinnar,Pennaiyar,Chinnar 1B,II,TE/PG,143.62,415,25.3,2298,Small,229,0.45,2208,665.5,664,547,Uncontrolled Spillway,I,1743,NA,12.67138889,78.0425
87,Thoppaiyar,Dharmapuri,Dharmapuri,Vellamballi,Dharmapuri,"11°57'25""","78°06'27""",1986,Thoppaiyar,Veptadiyaru,Cauvery,Cauvery,II,TE/PG,276.79,435,25.6,8433,Small,141,1.2,8433,363.6,363.6,980.69,Controlled Spillway,I,296,NA,11.95694444,78.1075
88,Vandal weir,Coimbatore,Pollachi,NA,Pollachi,"10°23'10""","77°04'48""",1986,Thoraikkadavu,NA,Aliyar,NA,III,PG,45.07,204,20.5,NA,Large,24.3,NA,NA,NA,1169.5,794.7,Uncontrolled,H,NA,Diversion Dam,10.38611111,77.08
89,Siddhamalli,Ariyalur,Udayar palayam,tpalar,Ariyalur,"11°04'10""","79°18'43""",1987,Siddhamalli odai,Vilankudi Odai,Cauvery,Udayarpalayam,II,TE/PG,218.2,5053,15.15,6418.44,Small,454.5,9.065,6418.44,33.25,33.25,450,Controlled spillway,I,5080,NA,11.06944444,79.31194444
90,Perumpallam,Erode,Sathyamangalam,Sathyamangalam,Erode,"11°33'39""","77°18'19""",1990,Perumpallam,Perumpallam,Cauvery,Bhavani,II,TE/PG,44.53,2060,17.09,3280,Small,NA,0.65,3180,313.4,312.41,437.8,Uncontrolled weir,I,2599.53408,NA,11.56083333,77.30527778
91,Noyyal athupalayam,Karur,Aravankurichi,Aravankurichi,Muthur,"11°01'42""","77°49'11""",1992,Noyyal ,Noyyal,Cauvery,Noyyal,II,TE/PG,13,2890,14.06,6600,Small,164.935,1.69,6430,177,176,2527,"High 
Coefficient  weir",I,19508.8608,NA,11.02833333,77.81972222
92,Noyyal Orathupalayam,Erode,Perundurai,Chennimalai,Chennimalai,"11°06'17""","77°32'24""",1992,Noyyal ,Noyyal,Cauvery,Noyyal,II,TE/PG,2245.53,2381.9,21.69,17440,Intermediate,234,NA,17440,248,248,2527,Ogee,I,500.2126272,NA,11.10472222,77.54
93,Anaimadavu,Salem,Salem,vazhapadi,Salem,"11°46'27""","78°25'46""",1993,Anaimadavu,Anaimadavu,Vellar,Upper Vellar,II,TE/PG,145.02,672.4,27.94,7560,Intermediate,32.81,0.61,7560.57,416.5,416.5,911.08,Controlled spillway,I,5012,NA,11.77416667,78.42944444
94,Kariakovil,Salem,Athur,Pathanaikkenpalayam,Salem,"11°46'30""","78°34'09""",1993,Kariakovil,Kariakovil,Vellar,Upper Vellar,III,TE/PG,27.03,748.5,27.2,5380,Intermediate,42.71,0.89,5380.181,454,454,770.21,Controlled spillway,I,3600,NA,11.775,78.56916667
95,Kelavarapalli,Dharmapuri,Hosur,Hosur,Hosur,"12°46'12""","77°52'30""",1993,Pennaiyar,"Chinnar 1A, Chinnar 1B, Margandiyannadhi",Pennaiyar,Pennaiyar upto Krishnagiri,II,TE/PG,2442,546.8,20.9,13612,Intermediate,NA,3.6,13160,831.5,831.5,2490,Controlled Spillway,I/S,10823,NA,12.77,77.875
96,Kodaganar,Erode,Vedasandur ,Vedasandur ,Vedasandur,"10°35'39""","77°58'23""",1993,Kodaganar,Kodaganar,Cauvery,Amaravathi,II,TE/PG,72.23,2895,17.75,12300,Intermediate,256,0.61,11540,302,300.09,8500,Uncontrolled weir,I,2500.69248,NA,10.59416667,77.97305556
97,Poigaiyar,Kanyakumari,Thovalai,Thovalai ,Aralvoimozhi,"08°16'06""","77°30'32""",2002,Poigaiyar,Poigaiyar,Kodayar,Pazhayar,II,TE/PG,7.37,1202,13.7,2967.26,Intermediate,2.974,0.315,2799.44,110,109,113.83,Uncontrolled ,I,383.6,NA,8.268333333,77.50888889
98,Mordhana,Vellore,Gudiyatham,Theranampattu,Vellore,"13°02'43""","78°47'02""",2001,"Koudhanya
nadhi","Gollapalli, Goduaru,Nalapalli",Palar,Koundanyanadhi,II,TE/PG,1449,873,30.25,7396,Intermediate,NA,0.87,6513,350.21,345,10541,Uncontrolled Spillway,I,8369,NA,13.04527778,78.78388889
99,Sothuparai,Theni,Periya kulam,Periya kulam,Periyakulam,"10°07'51""","77°27'50""",2001,Varaha nadhi,NA,Vaigai,Varaha nadhi,II,TE/PG,48.64,345,57,100.22,Large,2831,0.1446,99.75,407.64,405.5,352.64,Uncontrolled,I,1159.92,NA,10.13083333,77.46388889
100,AdavinainarKovil,Tirunelveli,Sengottai,Sengottai,Shencottai,"09°04'22""","77°13'58""",2002,Hanumanthanadhi,Hanumanthanadhi,Thamirabarani,Chiitar,III,PG,15.54,670,48.4,4963.82,Large,2447,0.26,4963.82,248.5,247,356.792,Uncontrolled,I,3093.14,NA,9.072777778,77.23277778
101,Kodumudiyar,Tirunelveli,nanguneri,kallakadu,Valliyoor,"08°25'28""","77°31'26""",2004,Kodumudiyar,Kodumudiyar,Thamirabarani,Nambiyar,II,TE/PG,22.27,411,33.8,3578.25,Intermediate,840,0.5338,3448.36,159.8,158,483.76,Controlled  + Uncontrolled,I,2339.5,NA,8.424444444,77.52388889
102,Vadakku Pachaiyar,Tirunelveli,Nanguneri,kallakadu,Nanguneri,"08°32'37""","77°31'27""",2003,Pachaiyar,Vadakku Pachaiyar,Thamirabarani,Pachaiyar,II,TE/PG,13.55,3115,24.6,12500.39,Intermediate,1517,1.845,25017.2,151.6,150,483.182,Uncontrolled,I,3862.75,NA,8.543611111,77.52416667
103,Nagariarsasthakovil,Virudhunagar,Rajapalyam,Rajapalyam,Rajapalyam,"09°24'43""","77°24'33""",2004,Nagariyar,NA,vaippar,Nagariyar,III,TE/PG,21.89,1410,23.9,36.47,Small,1545,0.798,36.47,104.9,103.4,235.04,Ogee,I,3130.62,Nil,9.411944444,77.40916667
104,Nambiar,Tirunelveli,Radhapuram ,Radhapuram ,Valliyoor,"08°22'24""","77°44'19""",2003,Nambiar,Nambiar,Thamirabarani,Nambiar,II,TE/PG,72.58,2605,16.15,2329.09,Small,715,1.5222,2329.09,54.8,53,1274,Uncontrolled,I,1743.67,NA,8.373333333,77.73861111
105,Nallathangal Odai,Tirupur,Dharapuram,Moolanur,Dharapuram,"10°42'41""","77°36'33""",2007,Nallathangal Odai,Nallathangal Odai,Cauvery,Amaravathi,II,TE/PG,442.21,3450,22,6330,Small,681.62,3.135,6330,251,249,873.76,"Ogee
(Uncontrolled)",I,4744.149696,NA,10.71138889,77.60916667
106,Nanganjiar,Dindugul,Ottanchatram ,Ottanchatram ,Ottanchatram,"10°35'53""","77°50'05""",2008,Nanganjiar,Nanganjiar,Cauvery,Amaravathi,II,TE/PG,438.63,2680,21.5,7200,Small,NA,398,6590,233.4,231,3468.58,Uncontrolled weir,I,6250.199155,NA,10.59805556,77.83472222
107,Shenbagathope,Thiruvannamalai,Polur,Polur,Polur,"12°38'44""","79°04'04""",2008,Kamandalar,Kamandalar,Pennaiyar,Cheyyar,III,TE/PG,168,889,26.5,8122,Small,322.21,1.05,8113,249.5,249.5,1197.69,Controlled Spillway,I,6694,NA,12.64555556,79.06777778
108,Shanmuganadhi,Theni,Uthamapalayam,Uthamapalayam,Cumbum,"09°43'56""","77°21'15""",2004,Shanmuganadhi,Varattar,Suruliyar,Varattar,III,TE/PG,28.86,638,20,2251.83,Small,410,0.34,1775.54,426,424,265,Ogee,I,664,NA,9.732222222,77.35416667
109,Gundar,Tirunelveli,Sengottai,Sengottai,Shencottai,"08°56'43""","77°12'55""",1983,Gundar,Gundar,Thamirabarani,Chiitar,III,TE/PG,9.92,390,15.7,707.5,Intermediate,73,0.14,707.5,81.5,80,264.68,Uncontrolled,I,454.06,NA,8.945277778,77.21527778
110,Vembakottai,Virudhunagar,Sivakasi,Vembakottai,Sivakasi,"09°20'05""","77°45'02""",1986,Vaippar,Vaippar,Vaippar,Vaippar,II,TE/PG,1620.46,3400,12,11290,Intermediate,NA,5.538,11275,87.5,87.5,1656.25,Controlled  Bed regulator,I,8100,NA,9.334722222,77.75055556
111,Anaikuttam,Virudhunagar,Virudhunagar,Virudhunagar,Sivakasi,"09°30'31""","77°49'15""",1986,Arjuna  ,Arjuna,Vaippar,Arjuna,II,TE/PG,836.09,2940,18.7,3602,Small,NA,1.989,3602,95,95,1708.6,Vertical Gate,I,2901,NA,9.508611111,77.82083333
112,Golwarpatti,Virudhunagar,Sattur,Virudhunagar,Sattur,"09°24'07""","77°58'18""",1993,Arjuna & Gowsiga,Arjuna,Vaippar,Arjuna,II,TE/PG,1415.01,5700,15.9,5040,Small,NA,3.472,5022,62.5,62.5,3298.78,Controlled Bed regulator,I,5035,NA,9.401944444,77.97166667
113,Rajathopekanar,Vellore,Katpadi,Thenikuppam,Vellore,"13°01'29""","79°04'34""",1997,Palar,Rajathopekanar odai,Palar,Koundanyanadhi,III,TE/PG,8.7,260,15.94,603,Small,NA,0.24,581,291.19,290.19,127.16,Uncontrolled Spillway,I/S,542,NA,13.02472222,79.07611111
114,Mirugandanadhi,Thiruvannamalai,Kalasapakkam,Kalasapakkam,Polur,"12°29'24""","78°56'44""",2006,"Miruganda
nadhi","Kovilmalaiyar, Idiyar",Palar,Cheyyar,III,TE/PG,54.11,778,30,2468,Small,NA,0.548,2315,246,246,429.62,Controlled Spillway,I,3191,NA,12.49,78.94555556
115,Varattar Vallimadurai,Dharmapuri,Harur,Harur,Harur,"11°58'19""","78°32'31""",2007,Varattar,Varattar,Pennaiyar,Vaniar,III,TE/PG,61.46,1200,21,3122,Small,NA,0.5962,3051,435.7,434.5,162,Uncontrolled Spillway,I,5108,NA,11.97194444,78.54194444
116,Andiappanur Odai ,Vellore,Vanniyambadi,Thirupathur,Vellore,"12°30'34""","78°42'57""",2007,Pambar,"Periyar, Goduaru",Pennaiyar,Pambar,II,TE/PG,32.82,1185,22.5,3277,Small,NA,0.876,3175,500.5,499,422.68,Uncontrolled Spillway,I,5025,NA,12.50944444,78.71583333
117,Vandal Odai,Tirunelveli,Ambasamudram,Cheranmahadevi,Ambasamudram,"08°41'06""","77°26'15""",2007,Vandal Odai,NA,Thamira  barani,NA,II,TE/PG,1.99,1350,14,1641.4,Small,NA,NA,1641.4,117,116,126.68,NA,I,920.33,NA,8.685,77.4375
118,Sirumalaiyar Odai ,Dindigul,Nila kottai,Nilakottai,Nilakottai,"10°17'36""","77°49'02""",2009,Sirumalaiyar,NA,Vaigai,Sirumalaiyar,II,TE/PG,17.8,925.8,19.28,438.65,Small,439,0.122,438.65,277.3,275.8,166.105,Uncontrolled,I,127.78,NA,10.29333333,77.81722222
119,Kuppanatham,Thiruvannamalai,Chengam,Chengam,Thiruvannamalai,"12°25'11""","78°46'23""",2009,Cheyyar,Kallar,Palar,Cheyyar,III,TE/PG,225.96,750,25.2,19810,Intermediate,586.054,2.78,19221,350,350,1359.2,Controlled Spillway,I,9812,NA,12.41972222,78.77305556
120,Mambazhathuraiyar ,Kanyakumari,Kalkulam,Kurunthan code ,Thuckalay,"08°13'56""","77°22'44""",2011,Mambazhathuraiyar,Mambazhathuraiyar,Kodayar,Thuvallar ,III,TE/PG,7.25,360,28.5,1260.48,Small,1261.23,0.12,11818.08,87,85,163.94,Uncontrolled ,I,366.7,NA,8.232222222,77.37888889
